,id,start_epoch_second,duration_second
0,abc001,1381579200,7200
1,abc002,1382875200,7200
2,abc003,1386849600,7200
3,abc004,1392552000,7200
4,abc005,1395489600,7200
5,abc006,1396699200,7200
6,abc007,1397908800,7200
7,abc008,1399723200,7200
8,abc009,1400932800,7200
9,abc010,1402142400,7200
10,abc011,1403353800,7200
11,abc012,1405166400,7200
12,abc013,1408190400,7200
13,abc014,1410609600,7200
14,abc015,1416657600,7200
15,abc016,1417867500,7200
16,abc017,1421496000,7200
17,abc018,1423051200,7200
18,abc019,1425124800,7200
19,abc020,1426939200,7200
20,abc021,1428753600,7200
21,abc022,1429963200,7200
22,abc023,1431172800,7200
23,abc024,1432382400,7200
24,abc025,1435406400,7200
25,abc026,1436616000,7200
26,abc027,1439035200,7200
27,abc028,1440849600,7200
28,abc029,1442664000,7200
29,abc030,1445688000,7200
30,abc031,1448107200,7200
31,abc032,1452340800,7200
32,abc033,1454760000,7200
33,abc034,1457784000,7200
34,abc035,1458993600,7200
35,abc036,1460203200,7200
36,abc037,1462622400,7200
37,abc038,1464436800,7200
38,abc039,1465646400,7200
39,abc040,1466251200,7200
40,abc041,1467460800,7200
41,abc042,1469275200,6000
42,abc043,1471089600,6000
43,abc044,1472385600,6000
44,abc045,1473595200,6000
45,abc046,1476532800,6000
46,abc047,1478433600,6000
47,abc048,1480852800,6000
48,abc049,1481371200,6000
49,abc050,1482062400,6000
50,abc051,1483790400,6000
51,abc052,1484481600,6000
52,abc053,1485604800,6000
53,abc054,1486814400,6000
54,abc055,1487419200,6000
55,abc056,1489838400,6000
56,abc057,1490529600,6000
57,abc058,1491652800,6000
58,abc059,1492862400,6000
59,abc060,1493467200,6000
60,abc061,1494676800,6000
61,abc062,1495281600,6000
62,abc063,1496491200,6000
63,abc064,1497096000,6000
64,abc065,1498305600,6000
65,abc066,1498910400,6000
66,abc067,1500120000,6000
67,abc068,1501329600,6000
68,abc069,1502020800,6000
69,abc070,1502539200,6000
70,abc071,1503230400,6000
71,abc072,1504353600,6000
72,abc073,1504958400,6000
73,abc074,1505563200,6000
74,abc075,1507982400,6000
75,abc076,1509192000,6000
76,abc077,1509796800,6000
77,abc078,1510401600,6000
78,abc079,1511006400,6000
79,abc080,1512302400,6000
80,abc081,1512907200,6000
81,abc082,1513425600,6000
82,abc083,1514030400,6000
83,abc084,1514635200,6000
84,abc085,1515326400,6000
85,abc086,1516536000,6000
86,abc087,1517140800,6000
87,abc088,1518955200,6000
88,abc089,1520164800,6000
89,abc090,1520769600,6000
90,abc091,1521288000,6000
91,abc092,1521979200,6000
92,abc093,1523102400,6000
93,abc094,1523707800,6000
94,abc095,1524312000,6000
95,abc096,1525521600,6000
96,abc097,1526126400,6000
97,abc098,1527336000,6000
98,abc099,1528632000,6000
99,abc100,1529150400,6000
100,abc101,1529755200,6000
101,abc102,1530444600,6000
102,abc103,1532174400,6000
103,abc104,1533470400,6000
104,abc105,1533988800,6000
105,abc106,1534593600,6000
106,abc107,1535198400,6000
107,abc108,1535803200,6000
108,abc109,1536408000,6000
109,abc110,1537704000,6000
110,abc111,1538222400,6000
111,abc112,1538827200,6000
112,abc113,1541332800,6000
113,abc114,1543752000,6000
114,abc115,1544271000,6000
115,abc116,1547985600,6000
116,abc117,1549195200,6000
117,abc118,1550318400,6000
118,abc119,1551009600,6000
119,abc120,1551614400,6000
120,abc121,1552132800,6000
121,abc122,1553428800,6000
122,abc123,1554552000,6000
123,abc124,1555156800,6000
124,abc125,1556366400,6000
125,abc126,1558267200,6000
126,abc127,1558785600,6000
127,abc128,1558872000,6000
128,abc129,1560081600,6000
129,abc130,1560686400,6000
130,abc131,1561204800,6000
131,abc132,1561809600,6000
132,abc133,1562500800,6000
133,abc134,1563624000,6000
134,abc135,1564228800,6000
135,abc136,1564920000,6000
136,abc137,1565438400,6000
137,abc138,1566129600,6000
138,abc139,1567339200,6000
139,abc140,1567857600,6000
140,abc141,1568548800,6000
141,abc142,1569672000,6000
142,abc143,1571486400,6000
143,abc144,1572177600,6000
144,abc145,1573905600,6000
145,abc146,1574596800,6000
146,abc147,1575806400,6000
147,abc148,1577016000,6000
148,abc149,1577617200,6000
149,abc150,1578657600,6000
150,abc151,1578830400,6000
151,abc152,1579434600,6000
152,abc153,1580040000,6000
153,abc154,1581249600,6000
154,abc155,1581854400,6000
155,abc156,1582372800,6000
156,abc157,1583064000,6000
157,abc158,1583582400,6000
158,abc159,1584878400,6000
159,abc160,1585396800,6000
160,abc161,1586001600,6000
161,abc162,1586692800,6000
162,abc163,1587297600,6000
163,abc164,1587902400,6000
164,abc165,1588421400,6000
165,abc166,1588507200,6000
166,abc167,1589112000,6000
167,abc168,1589716800,6000
168,abc169,1590926400,6000
169,abc170,1592136000,6000
170,abc171,1592740800,6000
171,abc172,1593259200,6000
172,abc173,1593950400,6000
173,abc174,1596369600,6000
174,abc175,1597492800,6000
175,abc176,1598097600,6000
176,abc177,1598702400,6000
177,abc178,1599998400,6000
178,abc179,1600516800,6000
179,abc180,1602932400,6000
180,abc181,1604232000,6000
181,abc182,1604836800,6000
182,abc183,1605441600,6000
183,abc184,1606046400,6000
184,abc185,1607860800,6000
185,abc186,1608379200,6000
186,abc187,1609588800,6000
187,abc188,1610280000,6000
188,abc189,1611403200,6000
189,abc190,1612008000,6000
190,abc191,1612612800,6000
191,abc192,1613822400,6000
192,abc193,1614427200,6000
193,abc194,1615032000,6000
194,abc195,1615636800,6000
195,abc196,1616241600,6000
196,abc197,1616846400,6000
197,abc198,1618142400,6000
198,abc199,1619265600,6000
199,abc200,1620475200,6000
200,abc201,1621080000,6000
201,abc202,1621684800,6000
202,abc203,1622376000,6000
203,abc204,1622980800,6000
204,abc205,1623585600,6000
205,abc206,1624104000,6000
206,abc207,1624708800,6000
207,abc208,1625400000,6000
208,abc209,1625918400,6000
209,abc210,1626523200,6000
210,abc211,1627128000,6000
211,abc212,1627732800,6000
212,abc213,1628424000,6000
213,abc214,1628942400,6000
214,abc215,1629547200,6000
215,abc216,1630238400,6000
216,abc217,1630756800,6000
217,abc218,1631361600,6000
218,abc219,1631966400,6000
219,abc220,1632657600,6000
220,abc221,1633176000,6000
221,abc222,1633780800,6000
222,abc223,1634472000,6000
223,abc224,1634990400,6000
224,abc225,1635595200,6000
225,abc226,1636286400,6000
226,abc227,1636804800,6000
227,abc228,1637409600,6000
228,abc229,1638014400,6000
229,abc230,1638532800,6000
230,abc231,1639224000,6000
231,abc232,1639915200,6000
232,abc233,1640433600,6000
233,abc234,1641643200,6000
234,abc235,1642248000,6000
235,abc236,1642939200,6000
236,abc237,1643544000,6000
237,abc238,1644062400,6000
238,abc239,1645272000,6000
239,abc240,1645358400,6000
240,abc241,1645876800,6000
241,abc242,1646481600,6000
242,abc243,1647086400,6000
243,abc244,1647777600,6000
244,abc245,1648296000,6000
245,abc246,1648900800,6000
246,abc247,1649592000,6000
247,abc248,1650110400,6000
248,abc249,1650715200,6000
249,abc250,1652011200,6000
250,abc251,1652529600,6000
251,abc252,1653134400,6000
252,abc253,1653739200,6000
253,abc254,1654344000,6000
254,abc255,1654948800,6000
255,abc256,1655553600,6000
256,abc257,1656158400,6000
257,abc258,1656763200,6000
258,abc259,1657368000,6000
259,abc260,1658059200,6000
260,abc261,1658577600,6000
261,abc262,1659268800,6000
262,abc263,1659787200,6000
263,abc264,1660392000,6000
264,abc265,1661083200,6000
265,abc266,1661601600,6000
266,abc267,1662206400,6000
267,abc268,1662811200,6000
268,abc269,1663416000,6000
269,abc270,1664020800,6000
270,abc271,1664625600,6000
271,abc272,1665230400,6000
272,abc273,1665835200,6000
273,abc274,1666440000,6000
274,abc275,1667044800,6000
275,abc276,1667649600,6000
276,abc277,1668254400,6000
277,abc278,1668859200,6000
278,abc279,1669464000,6000
279,abc280,1670068800,6000
280,abc281,1670673600,6000
281,abc282,1671278400,6000
282,abc283,1671883200,6000
283,abc284,1673092800,6000
284,abc285,1673784000,6000
285,abc286,1674302400,6000
286,abc287,1674907200,6000
287,abc288,1675512000,6000
288,abc289,1676116800,6000
289,abc290,1676808000,6000
290,abc291,1677412800,6000
291,abc292,1677931200,6000
292,abc293,1678536000,6000
293,abc294,1679227200,6000
294,abc295,1679745600,6000
295,abc296,1680350400,6000
296,abc297,1681041600,6000
297,abc298,1681560000,6000
298,abc299,1682164800,6000
299,abc300,1682769600,6000
300,abc301,1683979200,6300
301,abc302,1684584000,6000
302,abc303,1685188800,6000
303,abc304,1685793600,7200
304,abc305,1686398400,6000
305,abc306,1687003200,6000
306,abc307,1687608000,6000
307,abc308,1688212800,6000
308,abc309,1688817600,6000
309,abc310,1689422400,6000
310,abc311,1690027200,6000
311,abc312,1690632000,6000
312,abc313,1691236800,6000
313,abc314,1691841600,6000
314,abc315,1692446400,6000
315,abc317,1693051200,6000
316,abc318,1693656000,6000
317,abc319,1694260800,6000
318,abc320,1694865600,6000
319,abc321,1695470400,6000
320,abc322,1696075200,6000
321,abc323,1696680000,6000
322,abc324,1697284800,6000
323,abc325,1697889600,6000
324,abc326,1698494400,6000
325,abc327,1699099200,6000
326,abc328,1699704000,6000
327,abc329,1700308800,6000
328,abc330,1700913600,6000
329,abc331,1701518400,6000
330,abc332,1702209600,6000
331,abc333,1702728000,6000
332,abc334,1703332800,6000
333,abc335,1704542400,6000
334,abc336,1705233600,6000
335,abc337,1705752000,6000
336,abc338,1706356800,6000
337,abc339,1706961600,6000
338,abc340,1707566400,6000
339,abc341,1708171200,6000
340,abc342,1708776000,6000
341,abc343,1709380800,6000
342,abc344,1709985600,6000
343,abc345,1710590400,6000
344,abc346,1711195200,6000
345,abc347,1711800000,6000
346,abc348,1712404800,6000
347,abc349,1713009600,6000
348,abc350,1713614400,6000
349,abc351,1714219200,6000
350,abc352,1714824000,6000
351,abc353,1715428800,6000
352,abc354,1716033600,6000
353,abc355,1716638400,6000
354,abc356,1717243200,6000
355,abc357,1717848000,6000
356,abc358,1718452800,6000
357,abc359,1719057600,6000
358,abc360,1719748800,6000
359,abc361,1720267200,6000
360,abc362,1720872000,6000
361,abc363,1721476800,6000
362,abc364,1722081600,6000
363,abc365,1722686400,6000
364,abc366,1723291200,6000
365,abc367,1723896000,6000
366,abc368,1724500800,6000
367,abc369,1725105600,6000
368,abc370,1725710400,6000
369,abc371,1726315200,6000
370,abc372,1726920000,6000
371,abc373,1727524800,6000
372,abc374,1728129600,6000
373,abc375,1728734400,6000
374,abc376,1729339200,6000
375,abc377,1729944000,6000
376,abc378,1730548800,6000
377,abc379,1731153600,6000
378,abc380,1731758400,6000
379,abc381,1732276800,6000
380,abc382,1732968000,6000
381,abc383,1733572800,6000
382,abc384,1734177600,6000
383,abc385,1734782400,6000
384,abc386,1735387200,6000
